layer	condition	metric	mean	ci_low	ci_high	n
9	counterfactual_rationale:alpha=1	control_logp	-0.628333514901223	-0.6669809373337086	-0.590361992597442	108
9	counterfactual_rationale:alpha=1	correct_logp	-0.6233305743447056	-0.6587230856426888	-0.5849441038686092	108
9	counterfactual_rationale:alpha=1	necessity_change	0.0036683835917048985	0.0018468535470741766	0.005728487832540714	108
9	counterfactual_rationale:alpha=1	necessity_logp	-0.6196621907530008	-0.6563618387751006	-0.5840943980306663	108
9	counterfactual_rationale:alpha=1	paired_logp_gap	0.005002940556517354	-0.0002483943166832129	0.012153982267611548	108
9	counterfactual_rationale:alpha=1	random_gain	-0.00010791903844586125	-0.0009496889146113837	0.0007152597833838723	108
9	counterfactual_rationale:alpha=1	rescue_gain	-0.003986795053437904	-0.0059065314182252795	-0.002143337470651778	108
9	counterfactual_rationale:alpha=1	rescue_logp	-0.6323203099546609	-0.6671386653488433	-0.5957392955509325	108
9	counterfactual_rationale:alpha=1	residual_norm	1.2035532218438607	1.1293714794916687	1.2800479980875497	108
9	dependency_swap:alpha=1	control_logp	-0.6650551456820082	-0.7044529810133907	-0.6262619240692369	108
9	dependency_swap:alpha=1	correct_logp	-0.6233305743447056	-0.6596178726914028	-0.5873436769884495	108
9	dependency_swap:alpha=1	necessity_change	0.003364061453828105	-0.00018269051280286576	0.006217453542544885	108
9	dependency_swap:alpha=1	necessity_logp	-0.6199665128908776	-0.6554442003886732	-0.5821304289762068	108
9	dependency_swap:alpha=1	paired_logp_gap	0.04172457133730253	0.03136703027067361	0.05394756049262704	108
9	dependency_swap:alpha=1	random_gain	0.00034462577766842313	-0.0008633165827227964	0.001560738017023711	108
9	dependency_swap:alpha=1	rescue_gain	-0.004827355483063945	-0.007731700360912968	-0.002385195386078623	108
9	dependency_swap:alpha=1	rescue_logp	-0.6698825011650721	-0.7101218304769309	-0.6301218857712767	108
9	dependency_swap:alpha=1	residual_norm	1.5420686431505062	1.4231804007319389	1.667767150989837	108
9	locally_corrupted:alpha=1	control_logp	-0.6236817029615244	-0.6597251003366653	-0.5862199211251681	108
9	locally_corrupted:alpha=1	correct_logp	-0.6233305743447056	-0.6580602356612131	-0.5888950702009931	108
9	locally_corrupted:alpha=1	necessity_change	0.0017902591714152583	0.0005058223140184526	0.0031651158023763555	108
9	locally_corrupted:alpha=1	necessity_logp	-0.6215403151732904	-0.656590521790915	-0.5865670077951143	108
9	locally_corrupted:alpha=1	paired_logp_gap	0.00035112861681867527	-0.0029299745025734105	0.004433497100102679	108
9	locally_corrupted:alpha=1	random_gain	-0.00012202726470099555	-0.0009447012545058021	0.0007636427499905774	108
9	locally_corrupted:alpha=1	rescue_gain	-0.0010223089268913976	-0.0025828204014235073	0.0004082585271033971	108
9	locally_corrupted:alpha=1	rescue_logp	-0.6247040118884157	-0.6620573611792039	-0.5868058042014362	108
9	locally_corrupted:alpha=1	residual_norm	0.6313289900620779	0.5790219233612771	0.6886651044228562	108
11	counterfactual_rationale:alpha=1	control_logp	-0.628333514901223	-0.6651791606408853	-0.5942239870662215	108
11	counterfactual_rationale:alpha=1	correct_logp	-0.6233305743447056	-0.6580258221813926	-0.5857411521866366	108
11	counterfactual_rationale:alpha=1	necessity_change	0.0037732851450090056	0.0018410446432729562	0.005785703300325958	108
11	counterfactual_rationale:alpha=1	necessity_logp	-0.6195572891996967	-0.6546412072903304	-0.5819320684816275	108
11	counterfactual_rationale:alpha=1	paired_logp_gap	0.005002940556517354	-0.0002719287795049172	0.012000853061262095	108
11	counterfactual_rationale:alpha=1	random_gain	0.0008119724139019295	-0.00024929140797919693	0.0018205396244647327	108
11	counterfactual_rationale:alpha=1	rescue_gain	-0.003258785715809575	-0.004990234319120646	-0.0015847646872754458	108
11	counterfactual_rationale:alpha=1	rescue_logp	-0.6315923006170325	-0.6689506072206077	-0.5943564656742469	108
11	counterfactual_rationale:alpha=1	residual_norm	1.269386646648248	1.192847963636396	1.3448776340181074	108
11	dependency_swap:alpha=1	control_logp	-0.6650551456820082	-0.7025757908338198	-0.6252575119026005	108
11	dependency_swap:alpha=1	correct_logp	-0.6233305743447056	-0.6595551711334675	-0.5870234884666624	108
11	dependency_swap:alpha=1	necessity_change	0.0028372605641682944	-0.0010520846341495159	0.005870360525807848	108
11	dependency_swap:alpha=1	necessity_logp	-0.6204933137805374	-0.6559922050926145	-0.5851332618992914	108
11	dependency_swap:alpha=1	paired_logp_gap	0.04172457133730253	0.030767801207386786	0.05317070095420435	108
11	dependency_swap:alpha=1	random_gain	0.0002874003516303168	-0.0006942131246129671	0.0012033640648479796	108
11	dependency_swap:alpha=1	rescue_gain	-0.005259784559408824	-0.007823392797123503	-0.0027632241413273195	108
11	dependency_swap:alpha=1	rescue_logp	-0.670314930241417	-0.711209940544709	-0.6314879756662305	108
11	dependency_swap:alpha=1	residual_norm	1.6395037817182365	1.502964654316505	1.7785101599715374	108
11	locally_corrupted:alpha=1	control_logp	-0.6236817029615244	-0.6585526305043863	-0.5862224935484981	108
11	locally_corrupted:alpha=1	correct_logp	-0.6233305743447056	-0.6593894638293596	-0.5851045579580522	108
11	locally_corrupted:alpha=1	necessity_change	0.0011766453584035237	-0.00015364415874635732	0.002509607491945779	108
11	locally_corrupted:alpha=1	necessity_logp	-0.6221539289863022	-0.6560889168607968	-0.5863103267978187	108
11	locally_corrupted:alpha=1	paired_logp_gap	0.00035112861681867527	-0.002981645310366595	0.004054965651421634	108
11	locally_corrupted:alpha=1	random_gain	-0.0005451453228791555	-0.0014163320711641399	0.0003001011942547775	108
11	locally_corrupted:alpha=1	rescue_gain	-0.000880662903741554	-0.0023645761422812937	0.0006029791198670861	108
11	locally_corrupted:alpha=1	rescue_logp	-0.6245623658652659	-0.6616467512799082	-0.5868081568360881	108
11	locally_corrupted:alpha=1	residual_norm	0.6774810042094301	0.622892598759521	0.7355290371924639	108
13	counterfactual_rationale:alpha=1	control_logp	-0.628333514901223	-0.6655755138335129	-0.5901977763545734	108
13	counterfactual_rationale:alpha=1	correct_logp	-0.6233305743447056	-0.6604435592337891	-0.5853481011430699	108
13	counterfactual_rationale:alpha=1	necessity_change	0.004086988529673329	0.002044859049082906	0.006158814731019513	108
13	counterfactual_rationale:alpha=1	necessity_logp	-0.6192435858150324	-0.6541485656604723	-0.583086746868988	108
13	counterfactual_rationale:alpha=1	paired_logp_gap	0.005002940556517354	-4.915432935511622e-05	0.0119193195986251	108
13	counterfactual_rationale:alpha=1	random_gain	0.0001281320496841713	-0.000992611733575662	0.0012362580539451702	108
13	counterfactual_rationale:alpha=1	rescue_gain	-0.0038126002031343953	-0.006140639308702062	-0.0012581184678883465	108
13	counterfactual_rationale:alpha=1	rescue_logp	-0.6321461151043574	-0.6713852478156763	-0.5955374631996232	108
13	counterfactual_rationale:alpha=1	residual_norm	1.6114589240815904	1.5098199565653447	1.7147335935866943	108
13	dependency_swap:alpha=1	control_logp	-0.6650551456820082	-0.7052542507682961	-0.624892968725827	108
13	dependency_swap:alpha=1	correct_logp	-0.6233305743447056	-0.6613237766686965	-0.5860235444442543	108
13	dependency_swap:alpha=1	necessity_change	-0.0027745068073272705	-0.008376112628590178	0.0017481096675274529	108
13	dependency_swap:alpha=1	necessity_logp	-0.6261050811520329	-0.6627835844574427	-0.5888065317300736	108
13	dependency_swap:alpha=1	paired_logp_gap	0.04172457133730253	0.030511063834031422	0.05366484453832661	108
13	dependency_swap:alpha=1	random_gain	0.0007367127195552543	-0.0007760910489768894	0.002230247223956716	108
13	dependency_swap:alpha=1	rescue_gain	-0.0014680378414966442	-0.005505632240049265	0.002644686387092976	108
13	dependency_swap:alpha=1	rescue_logp	-0.6665231835235048	-0.7044791928768434	-0.6258643719057243	108
13	dependency_swap:alpha=1	residual_norm	2.1926489044670707	2.00118288345359	2.384811556325466	108
13	locally_corrupted:alpha=1	control_logp	-0.6236817029615244	-0.6597984440762688	-0.5863339401850546	108
13	locally_corrupted:alpha=1	correct_logp	-0.6233305743447056	-0.6597234817049293	-0.5860188786285343	108
13	locally_corrupted:alpha=1	necessity_change	0.0012138636299857386	-0.00024204595290400365	0.0027396260243323103	108
13	locally_corrupted:alpha=1	necessity_logp	-0.62211671071472	-0.658217084042176	-0.5866977016751965	108
13	locally_corrupted:alpha=1	paired_logp_gap	0.00035112861681867527	-0.002781837450823298	0.004129968183460058	108
13	locally_corrupted:alpha=1	random_gain	-6.55853913889991e-05	-0.000877314095419866	0.0008482771477213606	108
13	locally_corrupted:alpha=1	rescue_gain	-0.0009765939580069648	-0.002695220526031874	0.0008879222562191653	108
13	locally_corrupted:alpha=1	rescue_logp	-0.6246582969195313	-0.6605611233972013	-0.5882842578580258	108
13	locally_corrupted:alpha=1	residual_norm	0.8624856151916362	0.788327925114168	0.9405832578048662	108
15	counterfactual_rationale:alpha=1	control_logp	-0.628333514901223	-0.6660089448922211	-0.5906082063706385	108
15	counterfactual_rationale:alpha=1	correct_logp	-0.6233305743447056	-0.6620090483135923	-0.5844344954178841	108
15	counterfactual_rationale:alpha=1	necessity_change	0.0033792883709624962	0.0011243949023385844	0.005695533738644033	108
15	counterfactual_rationale:alpha=1	necessity_logp	-0.6199512859737432	-0.654857693284888	-0.5838373148537896	108
15	counterfactual_rationale:alpha=1	paired_logp_gap	0.005002940556517354	-0.00020809971416989957	0.012095464721184085	108
15	counterfactual_rationale:alpha=1	random_gain	0.001381779158556903	0.00018441169005301264	0.00260083640546158	108
15	counterfactual_rationale:alpha=1	rescue_gain	-0.0034762929987024378	-0.006040292257374083	-0.0007402263409285645	108
15	counterfactual_rationale:alpha=1	rescue_logp	-0.6318098078999255	-0.6691209606550358	-0.5943116784268232	108
15	counterfactual_rationale:alpha=1	residual_norm	1.8849984465373888	1.764319656216712	2.00102806834297	108
15	dependency_swap:alpha=1	control_logp	-0.6650551456820082	-0.7032208910694829	-0.6254030763068135	108
15	dependency_swap:alpha=1	correct_logp	-0.6233305743447056	-0.6599607177389165	-0.5845744133168074	108
15	dependency_swap:alpha=1	necessity_change	-0.0034195301985299148	-0.009448568867864432	0.0015953762077346978	108
15	dependency_swap:alpha=1	necessity_logp	-0.6267501045432355	-0.6629603152301301	-0.588886003865412	108
15	dependency_swap:alpha=1	paired_logp_gap	0.04172457133730253	0.030941362554828326	0.05340284983524017	108
15	dependency_swap:alpha=1	random_gain	0.00037795457023161427	-0.0012202813876447853	0.0018435329474784702	108
15	dependency_swap:alpha=1	rescue_gain	-0.0010103089389977631	-0.00547288900103282	0.003326056383688138	108
15	dependency_swap:alpha=1	rescue_logp	-0.666065454621006	-0.708422658737335	-0.6267409951012168	108
15	dependency_swap:alpha=1	residual_norm	2.6665775784187846	2.4316336165078813	2.9153971799476825	108
15	locally_corrupted:alpha=1	control_logp	-0.6236817029615244	-0.6600673817408581	-0.5868454191971708	108
15	locally_corrupted:alpha=1	correct_logp	-0.6233305743447056	-0.6610831599544595	-0.587917524986659	108
15	locally_corrupted:alpha=1	necessity_change	0.0011612157578821535	-0.0003167055236796538	0.0027687342871946315	108
15	locally_corrupted:alpha=1	necessity_logp	-0.6221693585868235	-0.6576466401280077	-0.5838628882714719	108
15	locally_corrupted:alpha=1	paired_logp_gap	0.00035112861681867527	-0.0027953811127830433	0.0042396707839711945	108
15	locally_corrupted:alpha=1	random_gain	-0.00031197664362412914	-0.0011997014008186483	0.0006259095372149233	108
15	locally_corrupted:alpha=1	rescue_gain	-0.0009425511514699017	-0.0027887141918418582	0.001138831995841529	108
15	locally_corrupted:alpha=1	rescue_logp	-0.6246242541129943	-0.6580943670848177	-0.5874705191253237	108
15	locally_corrupted:alpha=1	residual_norm	1.0541361512409315	0.9585298138774104	1.1644263030340274	108
17	counterfactual_rationale:alpha=1	control_logp	-0.628333514901223	-0.6633696170523762	-0.589847073176255	108
17	counterfactual_rationale:alpha=1	correct_logp	-0.6233305743447056	-0.6604010266665784	-0.5853835296644657	108
17	counterfactual_rationale:alpha=1	necessity_change	0.00466385069820616	0.0020268553798949277	0.007321870613291308	108
17	counterfactual_rationale:alpha=1	necessity_logp	-0.6186667236464994	-0.6562091649337499	-0.5820528984276785	108
17	counterfactual_rationale:alpha=1	paired_logp_gap	0.005002940556517354	-0.00016441046501751297	0.012161031658588735	108
17	counterfactual_rationale:alpha=1	random_gain	-0.0011192085566344085	-0.004137000496740694	0.0010963790739576017	108
17	counterfactual_rationale:alpha=1	rescue_gain	-0.003748574328643304	-0.0066194858505494066	-0.000677076965156529	108
17	counterfactual_rationale:alpha=1	rescue_logp	-0.6320820892298663	-0.6698619203055622	-0.5944522595653932	108
17	counterfactual_rationale:alpha=1	residual_norm	2.9892117690157005	2.3171072586543033	4.165251673827017	108
17	dependency_swap:alpha=1	control_logp	-0.6650551456820082	-0.705955790038462	-0.626858452193577	108
17	dependency_swap:alpha=1	correct_logp	-0.6233305743447056	-0.6602438509464263	-0.5882211353491854	108
17	dependency_swap:alpha=1	necessity_change	-0.003384435756338967	-0.010095947577307623	0.0021470285952091177	108
17	dependency_swap:alpha=1	necessity_logp	-0.6267150101010446	-0.6633430225153764	-0.5906588673729588	108
17	dependency_swap:alpha=1	paired_logp_gap	0.04172457133730253	0.03107576504073761	0.053746248878262654	108
17	dependency_swap:alpha=1	random_gain	-0.0025928132236003876	-0.006003440271511121	0.00020907073868093576	108
17	dependency_swap:alpha=1	rescue_gain	-0.0005272320575184292	-0.0054682094155362355	0.004287326867105783	108
17	dependency_swap:alpha=1	rescue_logp	-0.6655823777395266	-0.7062178359263472	-0.6258169735816342	108
17	dependency_swap:alpha=1	residual_norm	4.486715513247031	3.4256825363194503	6.010130465610156	108
17	locally_corrupted:alpha=1	control_logp	-0.6236817029615244	-0.6589205212097753	-0.586434922474264	108
17	locally_corrupted:alpha=1	correct_logp	-0.6233305743447056	-0.6582516710377401	-0.5870383477424858	108
17	locally_corrupted:alpha=1	necessity_change	0.0014275402106620648	-0.0003278729816277822	0.003216685192590506	108
17	locally_corrupted:alpha=1	necessity_logp	-0.6219030341340436	-0.6593594694717063	-0.585450694344386	108
17	locally_corrupted:alpha=1	paired_logp_gap	0.00035112861681867527	-0.0028245007274327457	0.003928434655622197	108
17	locally_corrupted:alpha=1	random_gain	-0.000190207251796016	-0.0009410925416482819	0.0005369610739526917	108
17	locally_corrupted:alpha=1	rescue_gain	-0.0010904294473153572	-0.0031481786044659436	0.0010519191829694602	108
17	locally_corrupted:alpha=1	rescue_logp	-0.6247721324088397	-0.6603120634780714	-0.5868427544383816	108
17	locally_corrupted:alpha=1	residual_norm	1.435214669616134	1.284465348361819	1.5841227855257414	108
19	counterfactual_rationale:alpha=1	control_logp	-0.628333514901223	-0.6656026868322106	-0.5922267414836421	108
19	counterfactual_rationale:alpha=1	correct_logp	-0.6233305743447056	-0.65987897011003	-0.5876459405447045	108
19	counterfactual_rationale:alpha=1	necessity_change	0.004311674308997614	0.0004988523269141163	0.007553409609115785	108
19	counterfactual_rationale:alpha=1	necessity_logp	-0.619018900035708	-0.6529733453911764	-0.58369841709802	108
19	counterfactual_rationale:alpha=1	paired_logp_gap	0.005002940556517354	-0.0002524065612642853	0.011695964682709288	108
19	counterfactual_rationale:alpha=1	random_gain	-0.00028177654301678694	-0.003095746661225955	0.00171597027392299	108
19	counterfactual_rationale:alpha=1	rescue_gain	-0.004190706820399673	-0.007110361568629741	-0.0012001024421166523	108
19	counterfactual_rationale:alpha=1	rescue_logp	-0.6325242217216227	-0.6709669472373746	-0.5958401837800112	108
19	counterfactual_rationale:alpha=1	residual_norm	4.103249991933505	3.3670976497232914	5.358220680734074	108
19	dependency_swap:alpha=1	control_logp	-0.6650551456820082	-0.706165655385013	-0.6262791832736521	108
19	dependency_swap:alpha=1	correct_logp	-0.6233305743447056	-0.6598551119781203	-0.5852769612300176	108
19	dependency_swap:alpha=1	necessity_change	-0.00513219502237108	-0.011781565555267864	0.0006529872305691233	108
19	dependency_swap:alpha=1	necessity_logp	-0.6284627693670767	-0.6642624599790131	-0.5909862391754157	108
19	dependency_swap:alpha=1	paired_logp_gap	0.04172457133730253	0.030583342271684497	0.05384315656567059	108
19	dependency_swap:alpha=1	random_gain	-0.0014077652659681109	-0.0047377365192881335	0.0011785821471777226	108
19	dependency_swap:alpha=1	rescue_gain	-0.00011846671501795451	-0.005113835167139768	0.004851496754283149	108
19	dependency_swap:alpha=1	rescue_logp	-0.6651736123970261	-0.7055058252790736	-0.6251068311674451	108
19	dependency_swap:alpha=1	residual_norm	6.210722362001737	5.028984876156405	7.666020374289817	108
19	locally_corrupted:alpha=1	control_logp	-0.6236817029615244	-0.6589155734827121	-0.5866307496990043	108
19	locally_corrupted:alpha=1	correct_logp	-0.6233305743447056	-0.6595102915540337	-0.5863802073592389	108
19	locally_corrupted:alpha=1	necessity_change	0.0020024551561585177	0.00010384819987747404	0.0037705539587747153	108
19	locally_corrupted:alpha=1	necessity_logp	-0.6213281191885471	-0.6547956163374087	-0.5878556806628628	108
19	locally_corrupted:alpha=1	paired_logp_gap	0.00035112861681867527	-0.0028059372954346517	0.004235513494522483	108
19	locally_corrupted:alpha=1	random_gain	-0.00036599832000555816	-0.0011130642387326118	0.00039727098342997046	108
19	locally_corrupted:alpha=1	rescue_gain	-0.0013112819029225244	-0.0033428374505429354	0.0009101247518426836	108
19	locally_corrupted:alpha=1	rescue_logp	-0.6249929848644469	-0.6596681796152283	-0.5884019082722565	108
19	locally_corrupted:alpha=1	residual_norm	2.1858860077681364	1.9427972763500831	2.429154391421212	108
21	counterfactual_rationale:alpha=1	control_logp	-0.628333514901223	-0.6669040565482444	-0.5923204611641941	108
21	counterfactual_rationale:alpha=1	correct_logp	-0.6233305743447056	-0.6593861680512352	-0.5872132815834549	108
21	counterfactual_rationale:alpha=1	necessity_change	0.003966801420406059	-0.0004514101996190018	0.007745100999319995	108
21	counterfactual_rationale:alpha=1	necessity_logp	-0.6193637729242996	-0.6530025467000625	-0.585558507108578	108
21	counterfactual_rationale:alpha=1	paired_logp_gap	0.005002940556517354	-0.00023612233085764774	0.011712268243233362	108
21	counterfactual_rationale:alpha=1	random_gain	-0.001237573309077157	-0.004215704180576183	0.000910476453740287	108
21	counterfactual_rationale:alpha=1	rescue_gain	-0.003935644334113157	-0.007359230228596264	-0.0001197500878738068	108
21	counterfactual_rationale:alpha=1	rescue_logp	-0.6322691592353361	-0.6712659097587069	-0.5954149285055421	108
21	counterfactual_rationale:alpha=1	residual_norm	5.447065303723018	4.60086165856984	6.869715799529243	108
21	dependency_swap:alpha=1	control_logp	-0.6650551456820082	-0.7046979697110752	-0.6260815155071516	108
21	dependency_swap:alpha=1	correct_logp	-0.6233305743447056	-0.6601735336637055	-0.5884739300305093	108
21	dependency_swap:alpha=1	necessity_change	-0.008446616431077322	-0.01528425474340717	-0.002059147048189693	108
21	dependency_swap:alpha=1	necessity_logp	-0.631777190775783	-0.6682737943095465	-0.5946275005461994	108
21	dependency_swap:alpha=1	paired_logp_gap	0.04172457133730253	0.030591430608183146	0.05364039746216601	108
21	dependency_swap:alpha=1	random_gain	-0.0013391027847925823	-0.005451647702742506	0.0017561716820906695	108
21	dependency_swap:alpha=1	rescue_gain	0.0046353936195373535	-0.001133129000663757	0.010769675247785116	108
21	dependency_swap:alpha=1	rescue_logp	-0.6604197520624708	-0.7012844382405833	-0.6218409260114034	108
21	dependency_swap:alpha=1	residual_norm	8.486763013733757	7.162877402647778	10.132021880315408	108
21	locally_corrupted:alpha=1	control_logp	-0.6236817029615244	-0.6599999910254998	-0.5869392153772491	108
21	locally_corrupted:alpha=1	correct_logp	-0.6233305743447056	-0.6605760879090262	-0.589538649690372	108
21	locally_corrupted:alpha=1	necessity_change	0.0031612075313373848	0.0010054863851379466	0.005223417154478804	108
21	locally_corrupted:alpha=1	necessity_logp	-0.6201693668133683	-0.6541154568428519	-0.5845715520351574	108
21	locally_corrupted:alpha=1	paired_logp_gap	0.00035112861681867527	-0.0029785869643092155	0.00403433709439856	108
21	locally_corrupted:alpha=1	random_gain	-0.0002497982371736456	-0.001029116063620205	0.0005314429980461229	108
21	locally_corrupted:alpha=1	rescue_gain	-0.0029357951824311858	-0.005380298738816271	-0.00040545033428956057	108
21	locally_corrupted:alpha=1	rescue_logp	-0.6266174981439555	-0.6626934034266957	-0.5897820919269213	108
21	locally_corrupted:alpha=1	residual_norm	3.230744970617471	2.8533103333717142	3.6166412862914576	108
23	counterfactual_rationale:alpha=1	control_logp	-0.628333514901223	-0.6664224411188452	-0.5884787524670914	108
23	counterfactual_rationale:alpha=1	correct_logp	-0.6233305743447056	-0.6600379047777366	-0.5860530682184079	108
23	counterfactual_rationale:alpha=1	necessity_change	0.0038400853949564473	-0.0006764703188781384	0.007813722488504867	108
23	counterfactual_rationale:alpha=1	necessity_logp	-0.6194904889497492	-0.6554801610091494	-0.5835321541013265	108
23	counterfactual_rationale:alpha=1	paired_logp_gap	0.005002940556517354	-0.00039203996528629903	0.011560822140287468	108
23	counterfactual_rationale:alpha=1	random_gain	-0.0012234149983635656	-0.003260079498782202	0.00037135669823597976	108
23	counterfactual_rationale:alpha=1	rescue_gain	-0.003686976377610807	-0.007793037927950974	0.0012430816060966892	108
23	counterfactual_rationale:alpha=1	rescue_logp	-0.6320204912788339	-0.6718462849311807	-0.5935010589003838	108
23	counterfactual_rationale:alpha=1	residual_norm	6.754224655804811	5.8284781103332834	8.18071699881995	108
23	dependency_swap:alpha=1	control_logp	-0.6650551456820082	-0.7018723860934928	-0.6239874287301468	108
23	dependency_swap:alpha=1	correct_logp	-0.6233305743447056	-0.6586889188150289	-0.5868982605912068	108
23	dependency_swap:alpha=1	necessity_change	-0.01124626812007692	-0.01915304584911576	-0.004257413813913312	108
23	dependency_swap:alpha=1	necessity_logp	-0.6345768424647825	-0.6728191385804503	-0.5976212735805246	108
23	dependency_swap:alpha=1	paired_logp_gap	0.04172457133730253	0.03067973573450689	0.05329163272830622	108
23	dependency_swap:alpha=1	random_gain	-0.003141431344879998	-0.007224810330404176	0.0001733376196137179	108
23	dependency_swap:alpha=1	rescue_gain	0.009272960049134714	0.0024184302944276065	0.016475819906702743	108
23	dependency_swap:alpha=1	rescue_logp	-0.6557821856328735	-0.6940850257149173	-0.6131762721334343	108
23	dependency_swap:alpha=1	residual_norm	10.682162391918677	9.122341348920708	12.490933397439894	108
23	locally_corrupted:alpha=1	control_logp	-0.6236817029615244	-0.6608461854151554	-0.5878504579093445	108
23	locally_corrupted:alpha=1	correct_logp	-0.6233305743447056	-0.6595754946478539	-0.5868783912173025	108
23	locally_corrupted:alpha=1	necessity_change	0.004114142308632533	0.001799378499250721	0.00627277322044527	108
23	locally_corrupted:alpha=1	necessity_logp	-0.6192164320360731	-0.6542367775717544	-0.5838292037550774	108
23	locally_corrupted:alpha=1	paired_logp_gap	0.00035112861681867527	-0.002826734473583875	0.0038154650031140547	108
23	locally_corrupted:alpha=1	random_gain	0.0003530279629760318	-0.0004547187368626948	0.0010864909082927083	108
23	locally_corrupted:alpha=1	rescue_gain	-0.0036177918038986347	-0.0059298098846166224	-0.0010532503188760212	108
23	locally_corrupted:alpha=1	rescue_logp	-0.627299494765423	-0.6662474476421872	-0.5894331470062888	108
23	locally_corrupted:alpha=1	residual_norm	4.2255916054602025	3.7370930097445294	4.775778210963364	108
25	counterfactual_rationale:alpha=1	control_logp	-0.628333514901223	-0.6650480359344295	-0.5910217794244764	108
25	counterfactual_rationale:alpha=1	correct_logp	-0.6233305743447056	-0.6619409879428093	-0.5877541912029739	108
25	counterfactual_rationale:alpha=1	necessity_change	0.0044533055689599775	-0.0007900124243288128	0.008912413167180834	108
25	counterfactual_rationale:alpha=1	necessity_logp	-0.6188772687757457	-0.6562447004261668	-0.583611147167782	108
25	counterfactual_rationale:alpha=1	paired_logp_gap	0.005002940556517354	-0.00030632927944814717	0.012045895522115404	108
25	counterfactual_rationale:alpha=1	random_gain	-0.00039264739111617757	-0.002313503040069783	0.001258803438395261	108
25	counterfactual_rationale:alpha=1	rescue_gain	-0.0037313532774095183	-0.008490582421008084	0.002267990506219632	108
25	counterfactual_rationale:alpha=1	rescue_logp	-0.6320648681786325	-0.6685706847278332	-0.5950489148566569	108
25	counterfactual_rationale:alpha=1	residual_norm	8.607265187634361	7.531612981303974	10.18925624280064	108
25	dependency_swap:alpha=1	control_logp	-0.6650551456820082	-0.7059222466484816	-0.6269287168910659	108
25	dependency_swap:alpha=1	correct_logp	-0.6233305743447056	-0.6597995502563815	-0.585188645321048	108
25	dependency_swap:alpha=1	necessity_change	-0.016431545355805644	-0.02554683516284934	-0.008104718414445725	108
25	dependency_swap:alpha=1	necessity_logp	-0.6397621197005113	-0.6772629312653508	-0.603112014769404	108
25	dependency_swap:alpha=1	paired_logp_gap	0.04172457133730253	0.030737020130510682	0.05400453896641179	108
25	dependency_swap:alpha=1	random_gain	-0.002308141440153122	-0.006571834406780976	0.0008359023818263297	108
25	dependency_swap:alpha=1	rescue_gain	0.013555723483915682	0.005094083360637779	0.022987535185422053	108
25	dependency_swap:alpha=1	rescue_logp	-0.6514994221980925	-0.6922008610778937	-0.613299762826689	108
25	dependency_swap:alpha=1	residual_norm	13.67968448223891	11.96534047866309	15.892835115172245	108
25	locally_corrupted:alpha=1	control_logp	-0.6236817029615244	-0.6619387829503803	-0.5863567775184357	108
25	locally_corrupted:alpha=1	correct_logp	-0.6233305743447056	-0.6627398186846188	-0.5886030024883372	108
25	locally_corrupted:alpha=1	necessity_change	0.0037907998043077962	0.001015679131227511	0.00619821775773609	108
25	locally_corrupted:alpha=1	necessity_logp	-0.6195397745403979	-0.6549093209138072	-0.5846453387428213	108
25	locally_corrupted:alpha=1	paired_logp_gap	0.00035112861681867527	-0.002734804287966755	0.004137369497092785	108
25	locally_corrupted:alpha=1	random_gain	0.00042588981213393035	-0.00027409294206235144	0.0011639925547771983	108
25	locally_corrupted:alpha=1	rescue_gain	-0.0036598650945557486	-0.006198259925952664	-0.0009564560320642271	108
25	locally_corrupted:alpha=1	rescue_logp	-0.6273415680560801	-0.6632212744956767	-0.5885293844155968	108
25	locally_corrupted:alpha=1	residual_norm	5.56016273299853	4.913581941194005	6.281840804936708	108
